point#,speed score,accn score,jerk score,point score,distance weight
0,80.68605518269946,100,100,93.62639821029083,9.690636999999697
1,85.657469550087,100,100,95.2669649515287,9.793773999999758
2,90.62888391747451,100,100,96.90753169276658,8.58513800000037
3,98.0860054685558,100,100,99.36838180462343,6.737232999999833
