point#,speed score,accn score,jerk score,point score,distance weight
0,98.0860054685558,0,0,98.0860054685558,5.962891999999556
1,93.11459110116827,100,0,96.55729555058414,6.969258000000082
2,93.11459110116827,0,0,93.11459110116827,6.556206999999631
3,95.60029828486203,100,0,97.80014914243102,5.959901000000173
4,95.60029828486203,0,0,95.60029828486203,6.164808000000448
5,98.0860054685558,100,0,99.0430027342779,7.002418999999463
6,98.0860054685558,0,0,98.0860054685558,5.784851000000344
7,100,100,0,100.0,7.074641000000156
8,100,100,100,100.0,6.010981999999785
