point#,speed score,accn score,jerk score,point score,distance weight
0,100,100,94.15768,98.0720344,12.293843999999808
1,100,100,100,100.0,9.220823999999993
2,100,100,100,100.0,10.817048999999315
3,100,100,100,100.0,12.279144000000088
4,100,100,100,100.0,13.810224000000744
5,100,100,100,100.0,8.899138999999195
6,100,100,100,100.0,7.710278000000471
7,100,100,100,100.0,6.408563999999387
8,100,100,100,100.0,6.939244000001054
9,100,100,100,100.0,5.952003999998851
10,100,90.6413340963624,-61.75048000000003,43.440395192763205,5.849299999999857
11,100,100,-57.12700000000002,48.148089999999996,4.755005000000892
12,100,100,100,100.0,6.361758999999438
13,100,100,92.93384000000002,97.6681672,6.940544999999474
14,100,100,100,100.0,5.608154000001377
15,100,100,100,100.0,3.845683999999892
16,100,100,100,100.0,2.4321409999993193
17,100,100,100,100.0,2.0265479999998206
18,100,100,100,100.0,1.043149999999514
19,100,100,100,100.0,0.6616600000015751
20,100,100,86.96083999999999,95.6970772,0.8091039999999339
21,100,0,0,100.0,1.010629999998855
22,100,100,0,100.0,0.5460640000001149
23,100,0,0,100.0,0.0
24,100,0,0,100.0,0.0
25,100,0,0,100.0,0.0
26,100,0,0,100.0,0.0
27,100,0,0,100.0,0.0
28,100,0,0,100.0,0.0
29,100,0,0,100.0,0.0
30,100,0,0,100.0,0.0
31,100,0,0,100.0,0.0
32,100,0,0,100.0,0.0
33,100,0,0,100.0,0.0
34,100,0,0,100.0,0.0
35,100,0,0,100.0,0.0
36,100,0,0,100.0,0.0
37,100,0,0,100.0,0.0
38,100,0,0,100.0,0.0
39,100,0,0,100.0,0.0
40,100,0,0,100.0,0.0
41,100,0,0,100.0,0.0
42,100,0,0,100.0,0.0
43,100,0,0,100.0,0.0
44,100,0,0,100.0,0.0
45,100,0,0,100.0,0.0
46,100,0,0,100.0,0.0
47,100,100,0,100.0,0.3244510000004084
48,100,100,100,100.0,1.666520999999193
49,100,100,100,100.0,1.7511540000014065
50,100,100,100,100.0,2.9903450000001612
51,100,100,100,100.0,5.170035999999527
52,100,100,100,100.0,4.276807999998709
53,100,100,100,100.0,5.522016000000804
54,100,100,100,100.0,5.534449000000677
55,100,78.94123324823616,97.00724,91.8524085044003,6.445804999999382
56,100,94.66402014886704,100,98.1857668506148,6.714372000000367
57,100,98.43998940359535,100,99.46959639722242,5.451790999999503
58,100,100,100,100.0,10.138420999999653
59,100,54.54184894071283,100,84.54422863984236,10.480623000001287
60,100,0,0,100.0,6.952836999998908
61,100,90.32035284486932,0,95.16017642243466,8.076395000000048
62,100,100,100,100.0,10.270303999999669
