point#,speed score,accn score,jerk score,point score,distance weight
0,98.0860054685558,100,0,99.0430027342779,5.6698200000000725
1,100,100,0,100.0,5.778245000000425
2,95.60029828486203,100,0,97.80014914243102,6.965932000000066
3,90.62888391747451,100,100,96.90753169276658,5.945118999999977
4,93.11459110116827,100,0,96.55729555058414,6.315742999999202
