point#,speed score,accn score,jerk score,point score,distance weight
0,90.62888391747451,0,0,90.62888391747451,6.255284000000756
1,93.11459110116827,100,0,96.55729555058414,6.395282999999836
2,93.11459110116827,0,0,93.11459110116827,6.458599999999933
3,88.14317673378075,100,0,94.07158836689038,6.256972999999562
